id;mois_solvabilite_date;code_etat_solvabilite;code_agent;user_creation;creation_date;user_maj;maj_date;num_maj
1;2026-01-07;unimpressively how scaffold;till famously wetly;wear how gah;09:33:00;around;04:25:00;29841
2;2026-01-06;hm;prime lift aha;narrate;02:07:00;diagram yippee;12:05:00;2508
3;2026-01-07;psst safely hydrolyze;yin phew but;ew;20:08:00;needy rotten likewise;12:44:00;23805
4;2026-01-06;clone longboat painfully;corporation;make highly monumental;18:42:00;too actually;01:01:00;25636
5;2026-01-06;shadowy grass;demob boohoo feline;pause loudly within;03:07:00;permafrost;23:29:00;32440
6;2026-01-06;glisten;our;trek;05:19:00;paltry verbally;08:43:00;32395
7;2026-01-06;although;progress;formal abnegate;18:18:00;unless ick diversity;20:54:00;26423
8;2026-01-07;duh excepting;psst upbeat jiggle;warped yowza excitable;08:52:00;huzzah woeful;19:24:00;19449
9;2026-01-07;than likewise;perfectly following;reorient ugh;03:58:00;bitterly which allegation;19:04:00;16839
10;2026-01-06;athwart;conclude separate;boohoo;16:20:00;gadzooks daily sedately;00:02:00;16723
